{
    "tab_filter_mode": "2",
    "date_time_now": "2024-02-13 13:14:09",
    "script_error_message": "Oops! Something Went Wrong.",
    "ibox_tab_switch_refresh_time": 9999,
    "flash_message_to_show": "This is a Test Server. Larvel Test",
    "week_filter_array": [
        { "filter_text": "Mon 12 Feb 2024  To  Sun 18 Feb 2024", "filter_value": "2024-02-12" },
        { "filter_text": "Mon 05 Feb 2024  To  Sun 11 Feb 2024", "filter_value": "2024-02-05" },
        { "filter_text": "Mon 29 Jan 2024  To  Sun 04 Feb 2024", "filter_value": "2024-01-29" },
        { "filter_text": "Mon 22 Jan 2024  To  Sun 28 Jan 2024", "filter_value": "2024-01-22" },
        { "filter_text": "Mon 15 Jan 2024  To  Sun 21 Jan 2024", "filter_value": "2024-01-15" },
        { "filter_text": "Mon 08 Jan 2024  To  Sun 14 Jan 2024", "filter_value": "2024-01-08" },
        { "filter_text": "Mon 01 Jan 2024  To  Sun 07 Jan 2024", "filter_value": "2024-01-01" },
        { "filter_text": "Mon 25 Dec 2023  To  Sun 31 Dec 2023", "filter_value": "2023-12-25" },
        { "filter_text": "Mon 18 Dec 2023  To  Sun 24 Dec 2023", "filter_value": "2023-12-18" },
        { "filter_text": "Mon 11 Dec 2023  To  Sun 17 Dec 2023", "filter_value": "2023-12-11" },
        { "filter_text": "Mon 04 Dec 2023  To  Sun 10 Dec 2023", "filter_value": "2023-12-04" },
        { "filter_text": "Mon 27 Nov 2023  To  Sun 03 Dec 2023", "filter_value": "2023-11-27" },
        { "filter_text": "Mon 20 Nov 2023  To  Sun 26 Nov 2023", "filter_value": "2023-11-20" },
        { "filter_text": "Mon 13 Nov 2023  To  Sun 19 Nov 2023", "filter_value": "2023-11-13" },
        { "filter_text": "Mon 06 Nov 2023  To  Sun 12 Nov 2023", "filter_value": "2023-11-06" },
        { "filter_text": "Mon 30 Oct 2023  To  Sun 05 Nov 2023", "filter_value": "2023-10-30" },
        { "filter_text": "Mon 23 Oct 2023  To  Sun 29 Oct 2023", "filter_value": "2023-10-23" },
        { "filter_text": "Mon 16 Oct 2023  To  Sun 22 Oct 2023", "filter_value": "2023-10-16" },
        { "filter_text": "Mon 09 Oct 2023  To  Sun 15 Oct 2023", "filter_value": "2023-10-09" },
        { "filter_text": "Mon 02 Oct 2023  To  Sun 08 Oct 2023", "filter_value": "2023-10-02" },
        { "filter_text": "Mon 25 Sep 2023  To  Sun 01 Oct 2023", "filter_value": "2023-09-25" },
        { "filter_text": "Mon 18 Sep 2023  To  Sun 24 Sep 2023", "filter_value": "2023-09-18" },
        { "filter_text": "Mon 11 Sep 2023  To  Sun 17 Sep 2023", "filter_value": "2023-09-11" },
        { "filter_text": "Mon 04 Sep 2023  To  Sun 10 Sep 2023", "filter_value": "2023-09-04" },
        { "filter_text": "Mon 28 Aug 2023  To  Sun 03 Sep 2023", "filter_value": "2023-08-28" },
        { "filter_text": "Mon 21 Aug 2023  To  Sun 27 Aug 2023", "filter_value": "2023-08-21" },
        { "filter_text": "Mon 14 Aug 2023  To  Sun 20 Aug 2023", "filter_value": "2023-08-14" },
        { "filter_text": "Mon 07 Aug 2023  To  Sun 13 Aug 2023", "filter_value": "2023-08-07" },
        { "filter_text": "Mon 31 Jul 2023  To  Sun 06 Aug 2023", "filter_value": "2023-07-31" },
        { "filter_text": "Mon 24 Jul 2023  To  Sun 30 Jul 2023", "filter_value": "2023-07-24" },
        { "filter_text": "Mon 17 Jul 2023  To  Sun 23 Jul 2023", "filter_value": "2023-07-17" },
        { "filter_text": "Mon 10 Jul 2023  To  Sun 16 Jul 2023", "filter_value": "2023-07-10" },
        { "filter_text": "Mon 03 Jul 2023  To  Sun 09 Jul 2023", "filter_value": "2023-07-03" },
        { "filter_text": "Mon 26 Jun 2023  To  Sun 02 Jul 2023", "filter_value": "2023-06-26" },
        { "filter_text": "Mon 19 Jun 2023  To  Sun 25 Jun 2023", "filter_value": "2023-06-19" },
        { "filter_text": "Mon 12 Jun 2023  To  Sun 18 Jun 2023", "filter_value": "2023-06-12" },
        { "filter_text": "Mon 05 Jun 2023  To  Sun 11 Jun 2023", "filter_value": "2023-06-05" },
        { "filter_text": "Mon 29 May 2023  To  Sun 04 Jun 2023", "filter_value": "2023-05-29" },
        { "filter_text": "Mon 22 May 2023  To  Sun 28 May 2023", "filter_value": "2023-05-22" },
        { "filter_text": "Mon 15 May 2023  To  Sun 21 May 2023", "filter_value": "2023-05-15" },
        { "filter_text": "Mon 08 May 2023  To  Sun 14 May 2023", "filter_value": "2023-05-08" },
        { "filter_text": "Mon 01 May 2023  To  Sun 07 May 2023", "filter_value": "2023-05-01" },
        { "filter_text": "Mon 24 Apr 2023  To  Sun 30 Apr 2023", "filter_value": "2023-04-24" },
        { "filter_text": "Mon 17 Apr 2023  To  Sun 23 Apr 2023", "filter_value": "2023-04-17" },
        { "filter_text": "Mon 10 Apr 2023  To  Sun 16 Apr 2023", "filter_value": "2023-04-10" },
        { "filter_text": "Mon 03 Apr 2023  To  Sun 09 Apr 2023", "filter_value": "2023-04-03" },
        { "filter_text": "Mon 27 Mar 2023  To  Sun 02 Apr 2023", "filter_value": "2023-03-27" },
        { "filter_text": "Mon 20 Mar 2023  To  Sun 26 Mar 2023", "filter_value": "2023-03-20" },
        { "filter_text": "Mon 13 Mar 2023  To  Sun 19 Mar 2023", "filter_value": "2023-03-13" },
        { "filter_text": "Mon 06 Mar 2023  To  Sun 12 Mar 2023", "filter_value": "2023-03-06" },
        { "filter_text": "Mon 27 Feb 2023  To  Sun 05 Mar 2023", "filter_value": "2023-02-27" },
        { "filter_text": "Mon 20 Feb 2023  To  Sun 26 Feb 2023", "filter_value": "2023-02-20" },
        { "filter_text": "Mon 13 Feb 2023  To  Sun 19 Feb 2023", "filter_value": "2023-02-13" },
        { "filter_text": "Mon 06 Feb 2023  To  Sun 12 Feb 2023", "filter_value": "2023-02-06" },
        { "filter_text": "Mon 30 Jan 2023  To  Sun 05 Feb 2023", "filter_value": "2023-01-30" },
        { "filter_text": "Mon 23 Jan 2023  To  Sun 29 Jan 2023", "filter_value": "2023-01-23" },
        { "filter_text": "Mon 16 Jan 2023  To  Sun 22 Jan 2023", "filter_value": "2023-01-16" },
        { "filter_text": "Mon 09 Jan 2023  To  Sun 15 Jan 2023", "filter_value": "2023-01-09" },
        { "filter_text": "Mon 02 Jan 2023  To  Sun 08 Jan 2023", "filter_value": "2023-01-02" },
        { "filter_text": "Mon 26 Dec 2022  To  Sun 01 Jan 2023", "filter_value": "2022-12-26" },
        { "filter_text": "Mon 19 Dec 2022  To  Sun 25 Dec 2022", "filter_value": "2022-12-19" },
        { "filter_text": "Mon 12 Dec 2022  To  Sun 18 Dec 2022", "filter_value": "2022-12-12" },
        { "filter_text": "Mon 05 Dec 2022  To  Sun 11 Dec 2022", "filter_value": "2022-12-05" },
        { "filter_text": "Mon 28 Nov 2022  To  Sun 04 Dec 2022", "filter_value": "2022-11-28" },
        { "filter_text": "Mon 21 Nov 2022  To  Sun 27 Nov 2022", "filter_value": "2022-11-21" },
        { "filter_text": "Mon 14 Nov 2022  To  Sun 20 Nov 2022", "filter_value": "2022-11-14" },
        { "filter_text": "Mon 07 Nov 2022  To  Sun 13 Nov 2022", "filter_value": "2022-11-07" },
        { "filter_text": "Mon 31 Oct 2022  To  Sun 06 Nov 2022", "filter_value": "2022-10-31" },
        { "filter_text": "Mon 24 Oct 2022  To  Sun 30 Oct 2022", "filter_value": "2022-10-24" },
        { "filter_text": "Mon 17 Oct 2022  To  Sun 23 Oct 2022", "filter_value": "2022-10-17" },
        { "filter_text": "Mon 10 Oct 2022  To  Sun 16 Oct 2022", "filter_value": "2022-10-10" },
        { "filter_text": "Mon 03 Oct 2022  To  Sun 09 Oct 2022", "filter_value": "2022-10-03" },
        { "filter_text": "Mon 26 Sep 2022  To  Sun 02 Oct 2022", "filter_value": "2022-09-26" },
        { "filter_text": "Mon 19 Sep 2022  To  Sun 25 Sep 2022", "filter_value": "2022-09-19" },
        { "filter_text": "Mon 12 Sep 2022  To  Sun 18 Sep 2022", "filter_value": "2022-09-12" },
        { "filter_text": "Mon 05 Sep 2022  To  Sun 11 Sep 2022", "filter_value": "2022-09-05" },
        { "filter_text": "Mon 29 Aug 2022  To  Sun 04 Sep 2022", "filter_value": "2022-08-29" },
        { "filter_text": "Mon 22 Aug 2022  To  Sun 28 Aug 2022", "filter_value": "2022-08-22" },
        { "filter_text": "Mon 15 Aug 2022  To  Sun 21 Aug 2022", "filter_value": "2022-08-15" },
        { "filter_text": "Mon 08 Aug 2022  To  Sun 14 Aug 2022", "filter_value": "2022-08-08" },
        { "filter_text": "Mon 01 Aug 2022  To  Sun 07 Aug 2022", "filter_value": "2022-08-01" },
        { "filter_text": "Mon 25 Jul 2022  To  Sun 31 Jul 2022", "filter_value": "2022-07-25" },
        { "filter_text": "Mon 18 Jul 2022  To  Sun 24 Jul 2022", "filter_value": "2022-07-18" },
        { "filter_text": "Mon 11 Jul 2022  To  Sun 17 Jul 2022", "filter_value": "2022-07-11" },
        { "filter_text": "Mon 04 Jul 2022  To  Sun 10 Jul 2022", "filter_value": "2022-07-04" },
        { "filter_text": "Mon 27 Jun 2022  To  Sun 03 Jul 2022", "filter_value": "2022-06-27" },
        { "filter_text": "Mon 20 Jun 2022  To  Sun 26 Jun 2022", "filter_value": "2022-06-20" },
        { "filter_text": "Mon 13 Jun 2022  To  Sun 19 Jun 2022", "filter_value": "2022-06-13" },
        { "filter_text": "Mon 06 Jun 2022  To  Sun 12 Jun 2022", "filter_value": "2022-06-06" },
        { "filter_text": "Mon 30 May 2022  To  Sun 05 Jun 2022", "filter_value": "2022-05-30" },
        { "filter_text": "Mon 23 May 2022  To  Sun 29 May 2022", "filter_value": "2022-05-23" },
        { "filter_text": "Mon 16 May 2022  To  Sun 22 May 2022", "filter_value": "2022-05-16" },
        { "filter_text": "Mon 09 May 2022  To  Sun 15 May 2022", "filter_value": "2022-05-09" },
        { "filter_text": "Mon 02 May 2022  To  Sun 08 May 2022", "filter_value": "2022-05-02" },
        { "filter_text": "Mon 25 Apr 2022  To  Sun 01 May 2022", "filter_value": "2022-04-25" },
        { "filter_text": "Mon 18 Apr 2022  To  Sun 24 Apr 2022", "filter_value": "2022-04-18" },
        { "filter_text": "Mon 11 Apr 2022  To  Sun 17 Apr 2022", "filter_value": "2022-04-11" },
        { "filter_text": "Mon 04 Apr 2022  To  Sun 10 Apr 2022", "filter_value": "2022-04-04" },
        { "filter_text": "Mon 28 Mar 2022  To  Sun 03 Apr 2022", "filter_value": "2022-03-28" },
        { "filter_text": "Mon 21 Mar 2022  To  Sun 27 Mar 2022", "filter_value": "2022-03-21" },
        { "filter_text": "Mon 14 Mar 2022  To  Sun 20 Mar 2022", "filter_value": "2022-03-14" },
        { "filter_text": "Mon 07 Mar 2022  To  Sun 13 Mar 2022", "filter_value": "2022-03-07" },
        { "filter_text": "Mon 28 Feb 2022  To  Sun 06 Mar 2022", "filter_value": "2022-02-28" },
        { "filter_text": "Mon 21 Feb 2022  To  Sun 27 Feb 2022", "filter_value": "2022-02-21" },
        { "filter_text": "Mon 14 Feb 2022  To  Sun 20 Feb 2022", "filter_value": "2022-02-14" },
        { "filter_text": "Mon 07 Feb 2022  To  Sun 13 Feb 2022", "filter_value": "2022-02-07" },
        { "filter_text": "Mon 31 Jan 2022  To  Sun 06 Feb 2022", "filter_value": "2022-01-31" },
        { "filter_text": "Mon 24 Jan 2022  To  Sun 30 Jan 2022", "filter_value": "2022-01-24" },
        { "filter_text": "Mon 17 Jan 2022  To  Sun 23 Jan 2022", "filter_value": "2022-01-17" },
        { "filter_text": "Mon 10 Jan 2022  To  Sun 16 Jan 2022", "filter_value": "2022-01-10" },
        { "filter_text": "Mon 03 Jan 2022  To  Sun 09 Jan 2022", "filter_value": "2022-01-03" },
        { "filter_text": "Mon 27 Dec 2021  To  Sun 02 Jan 2022", "filter_value": "2021-12-27" },
        { "filter_text": "Mon 20 Dec 2021  To  Sun 26 Dec 2021", "filter_value": "2021-12-20" },
        { "filter_text": "Mon 13 Dec 2021  To  Sun 19 Dec 2021", "filter_value": "2021-12-13" },
        { "filter_text": "Mon 06 Dec 2021  To  Sun 12 Dec 2021", "filter_value": "2021-12-06" },
        { "filter_text": "Mon 29 Nov 2021  To  Sun 05 Dec 2021", "filter_value": "2021-11-29" },
        { "filter_text": "Mon 22 Nov 2021  To  Sun 28 Nov 2021", "filter_value": "2021-11-22" },
        { "filter_text": "Mon 15 Nov 2021  To  Sun 21 Nov 2021", "filter_value": "2021-11-15" },
        { "filter_text": "Mon 08 Nov 2021  To  Sun 14 Nov 2021", "filter_value": "2021-11-08" },
        { "filter_text": "Mon 01 Nov 2021  To  Sun 07 Nov 2021", "filter_value": "2021-11-01" }
    ],
    "ambulance_arrival_hour_hour_bar_graph": {
        "00": 5,
        "01": 8,
        "02": 3,
        "03": 3,
        "04": 12,
        "05": 15,
        "06": 18,
        "07": 6,
        "08": 11,
        "09": 5,
        "10": 4,
        "11": 4,
        "12": 3,
        "13": 5,
        "14": 10,
        "15": 7,
        "16": 6,
        "17": 5,
        "18": 7,
        "19": 3,
        "20": 9,
        "21": 3,
        "22": 2,
        "23": 5
    },
    "ambulance_arrival_hour_hour_bar_graph_associative_array": [3, 5, 11, 3, 5, 1, 1, 8, 3, 6, 4, 4, 3, 5, 10, 7, 6, 5, 7, 3, 9, 3, 8, 11],
    "ambulance_arrival_hour_hour_line_graph": {
        "00": 4,
        "01": 8,
        "02": 5,
        "03": 8,
        "04": 4,
        "05": 6,
        "06": 9,
        "07": 11,
        "08": 14,
        "09": 18,
        "10": 15,
        "11": 6,
        "12": 9,
        "13": 11,
        "14": 2,
        "15": 9,
        "16": 13,
        "17": 4,
        "18": 5,
        "19": 3,
        "20": 7,
        "21": 11,
        "22": 3,
        "23": 14
    },
    "ambulance_arrival_hour_hour_line_graph_associative_array": [3, 9, 15, 11, 8, 3, 13, 4, 16, 6, 9, 13, 11, 8, 3, 18, 2, 9, 5, 14, 2, 1, 3, 8],
    "ambulance_week_actual_value": { "Mon": 11, "Tue": 25, "Wed": 20, "Thu": 11, "Fri": 8, "Sat": 3, "Sun": 6 },
    "ambulance_week_predicted_value": { "Mon": 18, "Tue": 18, "Wed": 23, "Thu": 9, "Fri": 2, "Sat": 7, "Sun": 5 },
    "admitted_non_admitted_section": {
        "non_admitted_total": 33,
        "admitted_total": 14,
        "overall_total": 80,
        "still_in_ed": 33,
        "non_admitted_arrival_to_departure": { "1": 4, "2": 14, "3": 6, "4": 5, "5": 5, "6": 2, "7": 2, "8": 3, "9": 8, "10": 11, "11": 4, "12+": 2 },
        "admitted_arrival_to_departure": { "1": 1, "2": 1, "3": 1, "4": 3, "5": 1, "6": 1, "7": 2, "8": 1, "9": 1, "10": 1, "11": 13, "12+": 2 },
        "non_admitted_arrival_to_departure_associative_array": [4, 14, 6, 5, 8, 2, 2, 5, 11, 3, 2, 7],
        "admitted_arrival_to_departure_associative_array": [4, 1, 1, 3, 1, 1, 2, 1, 1, 1, 5, 2],
        "admitted": { "box_plot_maximum": 754, "box_plot_minimum": 93, "box_plot_median": 373, "box_plot_upper_quartile": 564, "box_plot_lower_quartile": 233, "box_plot_average_time": "6 Hr & 13 Min" },
        "non_admitted": { "box_plot_maximum": 384, "box_plot_minimum": 13, "box_plot_median": 148, "box_plot_upper_quartile": 266, "box_plot_lower_quartile": 81, "box_plot_average_time": "2 Hr & 28 Min" },
        "overall": { "box_plot_maximum": 482595, "box_plot_minimum": 13, "box_plot_median": 199006, "box_plot_upper_quartile": 340801, "box_plot_lower_quartile": 99510, "box_plot_average_time": "3316 Hr & 46 Min" }
    },
    "admitted_non_admitted_breached_section": {
        "breached_non_admitted_total": 5,
        "breached_admitted_total": 8,
        "breached_total": 18,
        "admitted_donut": { "breach": "44", "total": "56" },
        "non_admitted_donut": { "breach": "28", "total": "72" },
        "admitted": { "box_plot_maximum": 754, "box_plot_minimum": 356, "box_plot_median": 509, "box_plot_upper_quartile": 632, "box_plot_lower_quartile": 433, "box_plot_average_time": "8 Hr & 29 Min" },
        "non_admitted": { "box_plot_maximum": 384, "box_plot_minimum": 241, "box_plot_median": 335, "box_plot_upper_quartile": 360, "box_plot_lower_quartile": 288, "box_plot_average_time": "5 Hr & 35 Min" },
        "overall": { "box_plot_maximum": 482595, "box_plot_minimum": 241, "box_plot_median": 134335, "box_plot_upper_quartile": 308465, "box_plot_lower_quartile": 67288, "box_plot_average_time": "2238 Hr & 55 Min" }
    }
}
